"";"sys_CBCVersion_CBC1";"CBC1_Random1";"CBC1_Random2";"CBC1_Random3";"CBC1_Random4";"CBC1_Fixed1";"CBC1_Random5";"CBC1_Random6";"CBC1_Random7";"CBC1_Random8";"CBC1_Fixed2";"CBC1_Random9";"CBC1_Random10";"CBC1_Random11";"CBC1_Random12"
"1";7;5;2;3;3;2;1;2;4;5;4;2;1;3;2
"2";9;4;4;3;4;2;3;2;3;2;4;1;4;3;2
"3";11;3;5;2;2;2;1;3;2;4;5;4;3;2;3
"4";15;2;5;5;5;1;4;5;5;3;5;2;4;3;4
"5";17;3;5;2;1;2;4;2;3;4;2;3;3;1;4
"6";19;3;5;2;1;3;3;1;4;3;3;2;2;3;2
"7";21;2;1;3;2;5;5;4;2;5;5;3;3;2;5
"8";23;4;3;3;2;2;2;1;3;2;4;5;2;1;3
"9";29;4;3;3;2;2;3;1;1;1;1;1;4;3;1
"10";35;3;5;2;2;1;4;3;5;4;5;5;1;4;5
"11";39;2;1;2;4;1;1;1;1;3;2;4;3;3;4
"12";43;4;3;4;5;2;3;4;5;5;1;4;2;2;4
"13";45;4;3;2;1;3;2;1;1;4;1;2;3;4;1
"14";47;3;5;4;4;1;4;3;1;2;3;4;3;1;1
"15";49;1;3;4;3;1;5;1;4;4;1;2;1;2;4
"16";53;1;5;4;3;2;3;1;2;4;2;5;5;2;2
"17";57;4;2;5;1;2;1;1;5;3;1;5;5;4;3
"18";59;2;3;1;5;2;2;2;4;1;5;2;4;3;2
"19";61;2;2;5;4;1;1;1;2;3;4;5;3;4;1
"20";63;1;2;2;3;1;2;4;3;5;1;1;1;2;1
"21";65;5;1;5;5;4;2;4;3;4;5;4;2;3;3
"22";71;3;2;2;2;2;2;1;2;1;1;5;3;1;3
"23";73;5;5;2;3;2;4;5;4;1;2;5;5;1;2
"24";79;2;3;5;4;2;1;4;4;4;1;5;2;4;1
"25";81;2;3;5;2;2;5;3;3;1;5;4;2;5;5
"26";83;5;5;3;2;1;5;5;3;5;5;5;4;3;5
"27";85;2;5;3;1;2;1;3;5;4;5;2;1;5;1
"28";87;3;4;3;1;5;5;5;4;1;5;2;5;5;5
"29";89;5;1;5;2;5;4;1;5;5;1;5;1;2;1
"30";91;1;5;1;4;2;5;3;3;1;4;5;1;5;5
"31";93;1;4;4;4;1;2;2;4;2;5;1;3;2;2
"32";95;3;5;1;5;2;1;4;5;4;5;5;3;3;5
"33";97;2;1;4;1;1;1;5;1;4;1;1;2;4;2
"34";99;4;4;2;4;1;2;2;2;4;1;2;5;1;3
"35";101;5;5;3;4;5;3;1;5;1;5;2;2;2;3
"36";105;3;5;1;4;2;2;4;5;2;5;5;5;3;2
"37";107;3;2;5;3;2;3;1;5;1;1;3;3;3;2
"38";109;5;3;2;4;2;1;2;2;1;1;3;2;3;3
"39";111;5;4;5;1;2;1;1;1;4;5;4;5;1;2
"40";113;5;2;5;4;5;2;1;1;5;1;3;4;2;5
"41";115;5;4;3;1;1;3;1;5;1;1;2;2;2;4
"42";117;1;5;2;2;5;5;2;1;2;1;1;5;3;2
"43";119;5;5;2;2;2;3;2;2;4;3;5;1;5;4
"44";123;4;4;4;2;2;1;3;3;3;1;1;1;4;4
"45";125;4;4;3;1;1;5;1;4;5;2;2;3;4;4
"46";127;5;5;3;5;5;4;4;5;5;5;5;3;5;5
"47";129;4;4;4;2;5;2;3;1;2;5;4;4;2;1
"48";133;4;2;3;5;5;3;5;5;3;5;4;5;4;2
"49";135;5;5;2;2;5;5;2;2;2;1;1;4;3;3
"50";139;3;5;4;5;4;3;5;1;4;1;1;1;5;2
"51";141;1;3;3;2;5;2;1;2;1;1;2;3;3;2
"52";143;5;2;1;3;4;2;3;1;3;5;2;4;3;2
"53";145;3;1;4;4;5;5;5;3;5;5;4;4;1;5
"54";147;1;4;3;5;5;5;5;5;5;5;5;5;5;5
"55";149;1;3;3;5;5;5;3;1;5;2;4;3;2;3
"56";151;2;3;1;4;2;1;1;4;4;2;2;4;2;2
"57";153;2;1;2;5;2;3;1;5;2;1;5;2;1;4
"58";157;2;2;4;2;5;2;2;5;2;2;4;2;3;5
"59";159;2;4;3;4;2;2;3;1;3;2;2;2;4;4
"60";161;3;5;5;4;2;5;1;1;5;5;2;5;4;5
"61";163;4;1;1;1;3;2;1;1;5;1;3;1;2;4
"62";165;2;2;4;3;4;5;5;5;3;2;5;3;3;2
"63";167;1;5;3;1;3;5;4;3;4;5;4;3;4;1
"64";169;5;4;4;2;3;2;3;3;1;1;1;3;2;4
"65";171;4;2;5;2;2;1;2;3;1;3;4;2;4;1
"66";173;4;5;3;2;4;4;4;4;5;5;1;2;2;1
"67";175;3;5;3;5;5;3;5;1;5;5;5;5;5;5
"68";177;3;4;3;2;5;5;4;4;3;5;5;5;5;4
"69";179;5;5;5;4;2;1;4;4;1;5;4;5;5;1
"70";181;1;1;2;2;3;5;2;3;4;1;3;2;4;3
"71";185;3;3;5;1;1;5;1;5;5;5;3;5;5;5
"72";191;2;2;1;1;5;5;2;2;5;5;1;5;5;1
"73";193;4;1;3;4;1;3;2;2;3;1;2;5;4;3
"74";197;2;5;3;2;5;2;5;1;4;5;4;1;5;5
"75";199;5;2;4;2;4;1;4;2;3;2;4;5;3;3
"76";201;5;5;5;2;2;5;1;4;3;5;4;1;5;3
"77";203;1;3;1;3;1;5;3;3;2;1;4;1;5;4
"78";205;2;3;4;5;2;3;4;3;2;2;1;1;5;4
"79";211;1;5;1;2;2;5;2;5;4;1;1;5;2;3
"80";215;1;3;5;5;2;5;5;3;2;5;3;3;1;5
"81";217;5;5;5;5;2;2;1;5;2;1;5;1;3;1
"82";219;2;2;2;1;2;1;1;4;3;1;3;3;4;3
"83";221;5;5;5;4;2;3;1;3;2;2;4;1;2;4
"84";223;3;4;2;4;1;1;4;1;3;1;5;1;4;5
"85";225;3;4;2;1;2;5;5;1;1;5;2;5;5;5
"86";227;3;2;4;2;4;4;2;1;2;2;1;1;4;4
"87";229;3;3;3;2;2;5;1;2;3;5;4;3;5;1
"88";237;2;5;4;1;5;4;4;2;5;5;3;5;1;4
"89";239;3;4;2;2;5;3;3;1;4;5;3;4;3;3
"90";241;5;1;5;3;5;5;5;4;5;5;5;5;3;5
"91";243;2;5;5;4;5;4;5;5;1;5;5;5;5;5
"92";247;3;5;3;5;5;3;2;5;1;2;1;5;5;2
"93";251;1;1;5;4;2;1;1;4;2;1;3;2;5;5
"94";253;3;5;3;5;2;3;1;4;1;1;1;1;3;1
"95";255;3;3;3;1;2;3;4;1;1;1;2;2;4;2
"96";259;4;1;1;1;4;4;2;4;3;1;2;2;1;3
"97";269;4;4;3;3;5;2;1;2;2;2;1;4;4;2
"98";275;3;4;1;4;3;2;3;4;2;1;4;3;1;3
"99";279;2;2;1;2;2;1;4;2;1;1;2;4;2;1
"100";285;1;3;4;1;1;4;4;3;1;3;1;4;3;4
"101";287;2;5;4;1;5;5;5;5;3;5;4;5;5;3
"102";289;1;3;5;4;5;2;5;1;1;5;5;5;5;5
"103";291;3;2;2;2;3;2;1;5;4;1;3;2;4;3
"104";293;1;3;4;3;5;4;3;3;2;1;2;2;3;3
"105";295;1;2;1;2;5;1;4;2;1;1;3;2;2;2
"106";297;2;4;3;4;2;2;4;3;5;1;5;3;5;4
"107";1;3;5;5;3;5;5;5;5;3;5;1;5;5;5
"108";3;1;3;1;4;5;1;4;2;4;1;2;3;3;2
"109";7;4;5;4;3;2;3;3;4;3;1;2;1;4;1
"110";9;4;5;5;1;5;5;1;5;2;1;5;5;5;5
"111";11;3;1;2;5;5;1;3;2;4;5;5;3;2;5
"112";19;4;1;3;4;1;3;1;4;3;1;2;2;1;3
"113";283;1;1;4;3;2;2;3;2;5;5;2;1;1;5
"114";21;1;5;4;1;2;5;4;2;4;5;3;3;5;5
"115";23;5;5;5;1;5;2;5;5;5;5;5;5;5;4
"116";25;4;5;2;2;2;3;2;2;5;1;1;1;2;3
"117";27;4;5;5;2;5;5;5;5;5;5;5;5;5;5
"118";69;5;3;1;4;5;5;2;5;5;5;3;5;5;5
"119";75;3;1;3;4;2;1;1;3;4;2;3;1;3;2
"120";77;1;1;5;5;1;5;1;5;5;5;5;5;3;1
"121";103;5;3;3;5;2;4;5;2;5;5;5;4;5;5
"122";131;3;5;5;2;1;1;1;5;5;5;1;5;1;3
"123";155;3;1;1;1;1;4;4;2;2;1;3;3;3;1
"124";195;3;4;4;2;2;2;2;2;4;2;2;3;3;4
"125";207;1;5;5;5;5;5;3;5;5;5;5;5;2;4
"126";209;2;2;2;2;3;2;4;2;2;1;4;4;2;2
"127";257;2;4;3;2;1;3;2;4;4;5;3;3;3;3
"128";273;4;1;2;5;1;5;2;4;4;5;5;2;5;5
"129";277;3;2;5;5;1;2;5;1;1;4;1;1;1;5
"130";267;2;5;5;5;2;5;5;4;5;5;1;3;5;4
"131";245;4;2;5;4;2;5;2;5;5;5;2;3;5;5
